{"cameraMode":{"drawMode":0,"name":"Shaded","section":"Shading Mode"},"sceneLighting":true,"audioPlay":false,"sceneViewState":{"showFog":true,"showMaterialUpdate":false,"showSkybox":true,"showFlares":true,"showImageEffects":true,"showParticleSystems":true,"showVisualEffectGraphs":true,"m_FxEnabled":true},"in2DMode":false,"pivot":{"x":84.23762512207031,"y":2.7169723510742189,"z":86.00456237792969},"rotation":{"x":0.36205124855041506,"y":0.03912614658474922,"z":-0.015213146805763245,"w":0.9312149286270142},"size":45.87601852416992,"orthographic":false}