{"cameraMode":{"drawMode":0,"name":"Shaded","section":"Shading Mode"},"sceneLighting":true,"audioPlay":false,"sceneViewState":{"showFog":true,"showMaterialUpdate":false,"showSkybox":true,"showFlares":true,"showImageEffects":true,"showParticleSystems":true,"showVisualEffectGraphs":true,"m_FxEnabled":true},"in2DMode":false,"pivot":{"x":5.1292829513549809,"y":-24.62282943725586,"z":-3.0044546127319338},"rotation":{"x":0.007618100848048925,"y":-0.9751223921775818,"z":0.21888597309589387,"w":0.03393913805484772},"size":5.860149383544922,"orthographic":false}