{"cameraMode":{"drawMode":0,"name":"Shaded","section":"Shading Mode"},"sceneLighting":true,"audioPlay":false,"sceneViewState":{"showFog":true,"showMaterialUpdate":false,"showSkybox":true,"showFlares":true,"showImageEffects":true,"showParticleSystems":true,"showVisualEffectGraphs":true,"m_FxEnabled":true},"in2DMode":false,"pivot":{"x":767.6382446289063,"y":358.9344787597656,"z":99.82954406738281},"rotation":{"x":-0.009308391250669957,"y":0.013545368798077107,"z":-0.00012319174129515886,"w":-0.9998831748962402},"size":827.7407836914063,"orthographic":false}